"user.self","sys.self","elapsed","user.child","sys.child"
0.109999999999999,0.00999999999999979,0.179999999999836,NA,NA
