"user.self","sys.self","elapsed","user.child","sys.child"
0.119999999999997,0.00999999999999979,20.0900000000001,NA,NA
