"user.self","sys.self","elapsed","user.child","sys.child"
9.93000000000001,0.140000000000001,10.0799999999999,NA,NA
