"row","col","coeff"
6,9,0.440465374839278
7,6,0.446647141950966
8,7,0.388792173644415
9,6,0.46874365266246
10,9,0.230253752872376
